Workbook

Sheet Incidence
A1: Date | B1: Other_height | C1: Madrid_height | D1: Barcelona_height | E1: Madrid | F1: Barcelona
A2: 44667 | B2: =IFERROR(VLOOKUP(A2,Other!$C$1:$D$111,2,FALSE),0) -> 1 | C2: =IFERROR(VLOOKUP(A2,Madrid!$C$1:$D$114,2,FALSE),B2) -> 1 | D2: =IFERROR(VLOOKUP(A2,BCN!$C$1:$D$111,2,FALSE),C2) -> 1 | E2: =C2-B2 -> 0 | F2: =D2-C2 -> 0
A3: 44668 | B3: =IFERROR(VLOOKUP(A3,Other!$C$1:$D$111,2,FALSE),0) -> 0 | C3: =IFERROR(VLOOKUP(A3,Madrid!$C$1:$D$114,2,FALSE),B3) -> 1 | D3: =IFERROR(VLOOKUP(A3,BCN!$C$1:$D$111,2,FALSE),C3) -> 1 | E3: =C3-B3 -> 1 | F3: =D3-C3 -> 0
A4: 44669 | B4: =IFERROR(VLOOKUP(A4,Other!$C$1:$D$111,2,FALSE),0) -> 0 | C4: =IFERROR(VLOOKUP(A4,Madrid!$C$1:$D$114,2,FALSE),B4) -> 1 | D4: =IFERROR(VLOOKUP(A4,BCN!$C$1:$D$111,2,FALSE),C4) -> 1 | E4: =C4-B4 -> 1 | F4: =D4-C4 -> 0
A5: 44670 | B5: =IFERROR(VLOOKUP(A5,Other!$C$1:$D$111,2,FALSE),0) -> 0 | C5: =IFERROR(VLOOKUP(A5,Madrid!$C$1:$D$114,2,FALSE),B5) -> 0 | D5: =IFERROR(VLOOKUP(A5,BCN!$C$1:$D$111,2,FALSE),C5) -> 0 | E5: =C5-B5 -> 0 | F5: =D5-C5 -> 0
A6: 44671 | B6: =IFERROR(VLOOKUP(A6,Other!$C$1:$D$111,2,FALSE),0) -> 0 | C6: =IFERROR(VLOOKUP(A6,Madrid!$C$1:$D$114,2,FALSE),B6) -> 0 | D6: =IFERROR(VLOOKUP(A6,BCN!$C$1:$D$111,2,FALSE),C6) -> 0 | E6: =C6-B6 -> 0 | F6: =D6-C6 -> 0
A7: 44672 | B7: =IFERROR(VLOOKUP(A7,Other!$C$1:$D$111,2,FALSE),0) -> 0 | C7: =IFERROR(VLOOKUP(A7,Madrid!$C$1:$D$114,2,FALSE),B7) -> 0 | D7: =IFERROR(VLOOKUP(A7,BCN!$C$1:$D$111,2,FALSE),C7) -> 0 | E7: =C7-B7 -> 0 | F7: =D7-C7 -> 0
A8: 44673 | B8: =IFERROR(VLOOKUP(A8,Other!$C$1:$D$111,2,FALSE),0) -> 0 | C8: =IFERROR(VLOOKUP(A8,Madrid!$C$1:$D$114,2,FALSE),B8) -> 1 | D8: =IFERROR(VLOOKUP(A8,BCN!$C$1:$D$111,2,FALSE),C8) -> 1 | E8: =C8-B8 -> 1 | F8: =D8-C8 -> 0
A9: 44674 | B9: =IFERROR(VLOOKUP(A9,Other!$C$1:$D$111,2,FALSE),0) -> 0 | C9: =IFERROR(VLOOKUP(A9,Madrid!$C$1:$D$114,2,FALSE),B9) -> 4 | D9: =IFERROR(VLOOKUP(A9,BCN!$C$1:$D$111,2,FALSE),C9) -> 4 | E9: =C9-B9 -> 4 | F9: =D9-C9 -> 0
A10: 44675 | B10: =IFERROR(VLOOKUP(A10,Other!$C$1:$D$111,2,FALSE),0) -> 0 | C10: =IFERROR(VLOOKUP(A10,Madrid!$C$1:$D$114,2,FALSE),B10) -> 4 | D10: =IFERROR(VLOOKUP(A10,BCN!$C$1:$D$111,2,FALSE),C10) -> 4 | E10: =C10-B10 -> 4 | F10: =D10-C10 -> 0
A11: 44676 | B11: =IFERROR(VLOOKUP(A11,Other!$C$1:$D$111,2,FALSE),0) -> 0 | C11: =IFERROR(VLOOKUP(A11,Madrid!$C$1:$D$114,2,FALSE),B11) -> 2 | D11: =IFERROR(VLOOKUP(A11,BCN!$C$1:$D$111,2,FALSE),C11) -> 2 | E11: =C11-B11 -> 2 | F11: =D11-C11 -> 0
A12: 44677 | B12: =IFERROR(VLOOKUP(A12,Other!$C$1:$D$111,2,FALSE),0) -> 0 | C12: =IFERROR(VLOOKUP(A12,Madrid!$C$1:$D$114,2,FALSE),B12) -> 1 | D12: =IFERROR(VLOOKUP(A12,BCN!$C$1:$D$111,2,FALSE),C12) -> 2 | E12: =C12-B12 -> 1 | F12: =D12-C12 -> 1
A13: 44678 | B13: =IFERROR(VLOOKUP(A13,Other!$C$1:$D$111,2,FALSE),0) -> 0 | C13: =IFERROR(VLOOKUP(A13,Madrid!$C$1:$D$114,2,FALSE),B13) -> 5 | D13: =IFERROR(VLOOKUP(A13,BCN!$C$1:$D$111,2,FALSE),C13) -> 5 | E13: =C13-B13 -> 5 | F13: =D13-C13 -> 0
... A118: 44783 | B118: =IFERROR(VLOOKUP(A118,Other!$C$1:$D$111,2,FALSE),0) -> 1 | C118: =IFERROR(VLOOKUP(A118,Madrid!$C$1:$D$114,2,FALSE),B118) -> 2 | D118: =IFERROR(VLOOKUP(A118,BCN!$C$1:$D$111,2,FALSE),C118) -> 2 | E118: =C118-B118 -> 1 | F118: =D118-C118 -> 0

Sheet Params
A1: Start date | B1: 44682

Sheet Other
A1: Day | B1: Height | C1: Date | D1: Height
A2: -14.993964 | B2: 1.0498688 | C2: =Params!$B$1+ROUND(Other!A2,0) -> 44667 | D2: =ROUND(B2,0) -> 1
A3: -1.0181087 | B3: 0.91863517 | C3: =Params!$B$1+ROUND(Other!A3,0) -> 44681 | D3: =ROUND(B3,0) -> 1 | E3: =C3=C2+1 -> FALSE
A4: 1.0181087 | B4: 0.91863517 | C4: =Params!$B$1+ROUND(Other!A4,0) -> 44683 | D4: =ROUND(B4,0) -> 1 | E4: =C4=C3+1 -> FALSE
A5: 2.9617706 | B5: 0.91863517 | C5: =Params!$B$1+ROUND(Other!A5,0) -> 44685 | D5: =ROUND(B5,0) -> 1 | E5: =C5=C4+1 -> FALSE
A6: 3.9798793 | B6: 1.9685039 | C6: =Params!$B$1+ROUND(Other!A6,0) -> 44686 | D6: =ROUND(B6,0) -> 2 | E6: =C6=C5+1 -> TRUE
A7: 4.9979879 | B7: 3.0183727 | C7: =Params!$B$1+ROUND(Other!A7,0) -> 44687 | D7: =ROUND(B7,0) -> 3 | E7: =C7=C6+1 -> TRUE
A8: 6.0160966 | B8: 4.9868766 | C8: =Params!$B$1+ROUND(Other!A8,0) -> 44688 | D8: =ROUND(B8,0) -> 5 | E8: =C8=C7+1 -> TRUE
A9: 7.0342052 | B9: 1.0498688 | C9: =Params!$B$1+ROUND(Other!A9,0) -> 44689 | D9: =ROUND(B9,0) -> 1 | E9: =C9=C8+1 -> TRUE
A10: 7.9597586 | B10: 1.0498688 | C10: =Params!$B$1+ROUND(Other!A10,0) -> 44690 | D10: =ROUND(B10,0) -> 1 | E10: =C10=C9+1 -> TRUE
A11: 8.9778672 | B11: 6.9553806 | C11: =Params!$B$1+ROUND(Other!A11,0) -> 44691 | D11: =ROUND(B11,0) -> 7 | E11: =C11=C10+1 -> TRUE
A12: 9.9959759 | B12: 3.0183727 | C12: =Params!$B$1+ROUND(Other!A12,0) -> 44692 | D12: =ROUND(B12,0) -> 3 | E12: =C12=C11+1 -> TRUE
A13: 11.014085 | B13: 3.0183727 | C13: =Params!$B$1+ROUND(Other!A13,0) -> 44693 | D13: =ROUND(B13,0) -> 3 | E13: =C13=C12+1 -> TRUE
A14: 12.032193 | B14: 4.0682415 | C14: =Params!$B$1+ROUND(Other!A14,0) -> 44694 | D14: =ROUND(B14,0) -> 4 | E14: =C14=C13+1 -> TRUE
... A102: 100.88531 | B102: 1.0498688 | C102: =Params!$B$1+ROUND(Other!A102,0) -> 44783 | D102: =ROUND(B102,0) -> 1 | E102: =C102=C101+1 -> TRUE

Sheet Madrid
A1: Day | B1: Height | C1: Date | D1: Height
A2: -14.06841 | B2: 1.0498688 | C2: =Params!$B$1+ROUND(Madrid!A2,0) -> 44668 | D2: =ROUND(B2, 0) -> 1
A3: -13.050302 | B3: 1.0498688 | C3: =Params!$B$1+ROUND(Madrid!A3,0) -> 44669 | D3: =ROUND(B3, 0) -> 1
A4: -9.0704225 | B4: 1.0498688 | C4: =Params!$B$1+ROUND(Madrid!A4,0) -> 44673 | D4: =ROUND(B4, 0) -> 1
A5: -7.9597586 | B5: 4.1994751 | C5: =Params!$B$1+ROUND(Madrid!A5,0) -> 44674 | D5: =ROUND(B5, 0) -> 4
A6: -7.0342052 | B6: 4.1994751 | C6: =Params!$B$1+ROUND(Madrid!A6,0) -> 44675 | D6: =ROUND(B6, 0) -> 4
A7: -6.0160966 | B7: 1.9685039 | C7: =Params!$B$1+ROUND(Madrid!A7,0) -> 44676 | D7: =ROUND(B7, 0) -> 2
A8: -5.0905433 | B8: 0.91863517 | C8: =Params!$B$1+ROUND(Madrid!A8,0) -> 44677 | D8: =ROUND(B8, 0) -> 1
A9: -3.9798793 | B9: 5.1181102 | C9: =Params!$B$1+ROUND(Madrid!A9,0) -> 44678 | D9: =ROUND(B9, 0) -> 5
A10: -2.9617706 | B10: 1.9685039 | C10: =Params!$B$1+ROUND(Madrid!A10,0) -> 44679 | D10: =ROUND(B10, 0) -> 2
A11: -1.943662 | B11: 1.9685039 | C11: =Params!$B$1+ROUND(Madrid!A11,0) -> 44680 | D11: =ROUND(B11, 0) -> 2
A12: -1.0181087 | B12: 5.1181102 | C12: =Params!$B$1+ROUND(Madrid!A12,0) -> 44681 | D12: =ROUND(B12, 0) -> 5
A13: 0 | B13: 6.9553806 | C13: =Params!$B$1+ROUND(Madrid!A13,0) -> 44682 | D13: =ROUND(B13, 0) -> 7
... A114: 100.88531 | B114: 2.0997375 | C114: =Params!$B$1+ROUND(Madrid!A114,0) -> 44783 | D114: =ROUND(B114, 0) -> 2

Sheet BCN
A1: Day | B1: Height | C1: Date | D1: Height
A2: -5.0905433 | B2: 1.9685039 | C2: =Params!$B$1+ROUND(BCN!A2,0) -> 44677 | D2: =ROUND(B2,0) -> 2
A3: -1.0181087 | B3: 6.167979 | C3: =Params!$B$1+ROUND(BCN!A3,0) -> 44681 | D3: =ROUND(B3,0) -> 6
A4: 6.0160966 | B4: 13.12336 | C4: =Params!$B$1+ROUND(BCN!A4,0) -> 44688 | D4: =ROUND(B4,0) -> 13
A5: 7.0342052 | B5: 9.0551181 | C5: =Params!$B$1+ROUND(BCN!A5,0) -> 44689 | D5: =ROUND(B5,0) -> 9
A6: 9.0704225 | B6: 20.07874 | C6: =Params!$B$1+ROUND(BCN!A6,0) -> 44691 | D6: =ROUND(B6,0) -> 20
A7: 11.014085 | B7: 17.060367 | C7: =Params!$B$1+ROUND(BCN!A7,0) -> 44693 | D7: =ROUND(B7,0) -> 17
A8: 12.032193 | B8: 20.07874 | C8: =Params!$B$1+ROUND(BCN!A8,0) -> 44694 | D8: =ROUND(B8,0) -> 20
A9: 12.957746 | B9: 17.191601 | C9: =Params!$B$1+ROUND(BCN!A9,0) -> 44695 | D9: =ROUND(B9,0) -> 17
A10: 14.06841 | B10: 11.154856 | C10: =Params!$B$1+ROUND(BCN!A10,0) -> 44696 | D10: =ROUND(B10,0) -> 11
A11: 14.993964 | B11: 25.065617 | C11: =Params!$B$1+ROUND(BCN!A11,0) -> 44697 | D11: =ROUND(B11,0) -> 25
A12: 15.919517 | B12: 10.104987 | C12: =Params!$B$1+ROUND(BCN!A12,0) -> 44698 | D12: =ROUND(B12,0) -> 10
A13: 17.955734 | B13: 17.060367 | C13: =Params!$B$1+ROUND(BCN!A13,0) -> 44700 | D13: =ROUND(B13,0) -> 17
... A94: 99.959759 | B94: 6.9553806 | C94: =Params!$B$1+ROUND(BCN!A94,0) -> 44782 | D94: =ROUND(B94,0) -> 7
